Plasma (physics),25916521,[[Help:Reverting|Reverted]] edits by [[Special:Contributions/70.245.126.134|70.245.126.134]] ([[User talk:70.245.126.134|talk]]) to last version by Materialscientist,43059
Wikipedia:Graphic Lab/Photography workshop/Top 4,25822762,4th image done,2210
Protestantism,25814008,/* See also */ Add link to forgiveness article,22996
Sport,25778403,Revert previous revision by [[Special:Contributions/66.44.161.162|66.44.161.162]],17689
Shock Value II,25442584,Filling in 5 references using [[WP:REFLINKS|Reflinks]],13103
Michael Rosenzweig (composer),25399691,null,4849
Caffe Luxxe,25184937,null,4513
Aircraft in fiction,24989316,/* F-4 Phantom II */ change 'only' to 'actually',20204
User talk:67.149.204.194,24914091,9-Oct,520
Template:Country data Karachayevo-Cherkesskaya Respublika,24839273,[[WP:AES|←]]Redirected page to [[Template:Country data Karachay-Cherkessia]],54
The Twilight Saga: New Moon (soundtrack),24721032,/* iTunes bonus tracks */,21452
User talk:71.62.216.234,24403547,General note: Vandalism on [[Glenn Jacobs]]. using [[WP:TWINKLE|TW]],731
File:Hrithik Roshan In Rajasthan Royals Press Conference.jpg,24329624,"uploaded a new version of &quot;[[File:Hrithik Roshan In Rajasthan Royals Press Conference.jpg]]&quot;: Reverted to version as of 15:39, 13 September 2009",365
List of artists who have covered Van Morrison songs,24291171,/* Lisa Stansfield */ sp.,25797
Fuerza Corona,24234535,null,4887
User:MrSPIAP0,24205482,sock,27
Wikipedia:Articles for deletion/Tito Morientes,24178411,/* Tito Morientes */ speedy delete as a hoax,1777
Dalhousie Creek,24141691,Adding geodata: {{coord missing|Australia}},860
User talk:71.72.146.51,24059250,[[WP:AES|←]]Created page with '==Vandal Warning== [[File:Stop hand nuvola.svg|left|30px]] Welcome to Wikipedia. We invite everyone to contribute constructively to our encyclopedia. Take a look at...',1157
Tiger I,24008515,/* The captured Tiger of 1943 - Tiger 131 */ m.,39200
1916–17 St. Louis Soccer League season,23966763,null,899
I Look to You (song),23780222,null,12267
José Canseco,23721614,moved [[José Canseco]] to [[Jose Canseco]]: His own web site doesn't even use an accent mark,26
Raidió Teilifís Éireann,23685141,null,5921
Special forces,23489383,/* World War II */,11102
Wikipedia:Disambiguation pages with links/The Daily Disambig/Stats,23245647,Updating Daily Disambig stats,55969
Talk:Arthur Eve/GA2,23210463,update progress,8804
Psyllatos,23203965,null,3309
Maria Kliegel,23172012,cat fix in accordance with [[WP:MUSCAT]] guidelines and some other minor changes,787
Frodo Baggins,23140032,Reverted edits by [[Special:Contributions/194.8.54.248|194.8.54.248]] to last version by Drini,9847
Wikipedia:Version 1.0 Editorial Team/Biography (military) articles by quality/68,23129307,"Update for July 28, 2009 (test code)",74236
User talk:N9t8,23094660,null,3499
User talk:Arthur Rubin,23091803,"Dating comment by [[User:FFLaguna|FFLaguna]] - ""/* Helping me */ new section""",112503
Charles Lenox,22787131,[[WP:AES|←]]Redirected page to [[Charles Lennox]],28
Download Accelerator Plus,22704084,"revert. why redirect to d/l manager? it is a specific program, not a general type of program",1094
Talk:Goodbye (1995 film),22662473,moved [[Talk:Tot Ziens!]] to [[Talk:Goodbye (1995 film)]],89
Jeff Coleman,22462393,null,6689
Zonalia,22430652,Nova Pagina: Tachinidae genera,566
User:RobbieWlkmn/Sandbox9,22403139,2nd draft format of article,25348
Stuck in the 80's,22261899,Date maintenance tags and general  fixes,1288
User talk:97.107.178.220,22119786,Level 2 warning re. [[Ryan Johnson (ice hockey)]] ([[WP:HG|HG]]),9509
Place names considered unusual,22095950,/* S */,49901
User:Dinokid/a01/Sandbox/III,22079971,null,703
List of Alpine skiing World Cup race winners – Men,21991521,/* Milestones */,35288
Dust bath,21914247,move images to gallery,1473
User talk:86.151.197.184,21860163,Message re. [[Solid]] ([[WP:HG|HG]]),736
Karl Wilhelm von Willisen,21843720,citation style,9222
Langston Hughes,21814770,/* Childhood */,51171
Template:Userpage (rounded)/doc,21763830,Fix,415
Wikipedia:Featured picture candidates/Pavel Bure,21758784,start,791
Talk:Roque (footballer),21682096,[[WP:AES|←]]Created page with '{{football|class=stub|importance=low}}',38
User:User name one,21417422,null,299
Rowdy Herrington,21396235,/* External links */,2596
Rick Ross (rapper),21377045,/* Appearances */,6268
Kara Mucho,21334696,null,964
Rolles Gracie Jr.,21226580,null,6446
2009 CECAFA Cup,21127002,/* Group C */,13722
User talk:77.42.190.82,21083548,Level 4 warning re. [[Uri Avnery]] ([[WP:HG|HG]]),2344
Characters of Supernatural,21013155,"ft - singular to link article, not plural",57925
List of characters of The Bill (E-L),21005065,/* Lorna Hart */,71397
Scarlett Johansson,20913246,null,35348
TRT 6,20867553,Already mentioned,3195
Marie-Thérèse Bruguière,20854286,add infobox,1779
Sabaithawa,20644158,null,4087
User:Flashflash;,20640638,null,1766
Old Georgian language,20626363,null,1005
Aman Hayer,20515255,null,666
Steven Motlop,20459599,Reverted edits by [[Special:Contributions/122.107.185.144|122.107.185.144]] to last version by Allied45 ([[WP:HG|HG]]),1089
Grand Canyon National Park Superintendent's Residence,20402671,image,1672
Egoist anarchism,20264216,/* Later developments */,17980
Amy Vedder,19895141,started article,1160
Wikipedia:Version 1.0 Editorial Team/Biography (military) articles by quality/43,19757720,"Update for January 9, 2009 (test code)",88690
Kid Acne,19748365,add reference,4479
Canoeing at the 1988 Summer Olympics – Women's K-1 500 metres,19733033,/* Final */ FWR to CSp in ICF WC,6207
Cuckold,19526001,"added sicilian link to ""cunnutu""",12261
Gus Schilling,19416400,Robot: moving pages out of redirected category,1209
Wikipedia:WikiProject Anime and manga/Yu-Gi-Oh!/Assessment,19405631,null,15834
The World Should Revolve Around Me,19360241,null,3175
Vernon Kay,19356604,/* Wikipedia incident */,2957
Late-2000s recession,19337279,/* Subprime lending as a cause */,88582
Police state,19334466,/* Idiomatic expansion of the term */,8496
User talk:Ditchaiok,19286664,"[[WP:AES|←]]Created page with 'http://www.ditchaiok.com it be blog of a young friend with a view to knowledges sharing, what love everyone donation in Web community. Hope everybody is uphelp. Sha...'",175
User talk:91.108.107.174,19275696,/* September 2008 */ v2,1301
Union Correctional Institution,19260715,null,6951
User talk:Wjkk20,19256133,/* Threats */,10631
If I Were a Boy,19217023,null,9169
Clovis East High School,19156679,null,1875
Wikipedia:Featured picture candidates/Image:Sunset 2007-1.jpg,19114410,/* Sunset at sea */ -Removing vandalism,2912
MediaWorks New Zealand,19047675,Robot-assisted: fix [[WP:DPL|links]] to [[WP:D|disambiguation]] page [[Channel 3]],18149
User talk:J.delanoy,19044577,/* Unblock Request Notification */ re,49620
Wikipedia:Primary Secondary and Tertiary Sources,19013512,/* Use of peer-reviewed sources */ Started section of advise on avoiding conflicts over OR,19004
El Amor (album),19006901,copy edit,7085
Wikipedia:Version 1.0 Editorial Team/Correction and Detention Facilities articles by quality log,18999674,"Log for January 2, 2009 (test code)",100151
Talk:Cannabis Culture,18983854,not within the scope of [[WP:PLANTS]],228
My Love: Essential Collection,18969843,/* France */,17737
Geography of Australia,18950948,tweak :),10967
Talk:List of nontheists (authors),18936994,[[WP:AES|←]] Created page with 'I don't understand if this is supposed to be a warning or not.',62
Tory Burch,18861556,/* Business */ more citations,5462
Talk:Simmons Block,18851897,"add to wp:NRHP, other  using [[Project:AutoWikiBrowser|AWB]]",103
USS Passumpsic (AO-107),18692241,New article.,5694
User talk:71.10.25.100,18623735,Added welcome template to user talk page. using [[WP:FRIENDLY|Friendly]],1917
2008–09 Conference League Cup,18569929,/* Southern Section */,3371
User talk:64.230.24.149,18547692,Message re. [[Turtle]] ([[WP:HG|HG]]),699
User talk:222.124.55.76,18474476,Added welcome template to user talk page. using [[WP:FRIENDLY|Friendly]],1766
Outline of Georgia (U.S. state) history,18461879,{{double image|right|Flag of Georgia (U.S. state).svg|189|Seal_of_Georgia.svg|118|The [[Flag of the State of Georgia]]|The [[Great Seal of the State of Georgia]]}},4838
Nursing,18403271,remove advertising,8995
Wildland fire emissions,18365403,Date the maintenance tags or general  fixes,2703
Whitey on The Moon,18242240,moved [[Whitey on The Moon]] to [[Whitey on the Moon]]: Correcting capitalization.,32
File:Kelly Osbourne - Shut Up.jpg,18174285,"{{album cover fur
|Article = Shut Up (Kelly Osbourne album)
|Use = Infobox
|Name = ""Shut Up""
|Artist = Kelly Osbourne
|Label = Epic Records
|Source = Derived from a digital capture of the album cover (creator of this digital version is irrelevant as the c",450
Joe Jonas,18120823,/* Personal life */,9098
Give Me Danger (song),18014372,"Fixing release date, and establishing section for refs",2745
Roshell Bissett,17942141,altered the position of the reference line,1799
Harry Peckham,17837739,"/* Biography */ John Sackville, 3rd Duke of Dorset",5084
User talk:128.8.186.121,17813624,"{{sharedipedu|[http://www.umd.edu University of Maryland, Collegepark, Maryland (US)]}}",1939
WALL-E (soundtrack),17808548,null,1828
User:Seemsclose/Van Resistance,17755722,"/* Evacuation of the region, July 18 - August 22 */",36851
Wikipedia:Version 1.0 Editorial Team/Indian cinema articles by quality/13,17727864,"Update for January 4, 2010 (code rev 103)",71990
Collectivization in the Ukrainian Soviet Socialist Republic,17652562,[[WP:UNDO|Undid]] revision 218351083 by [[Special:Contributions/Jo0doe|Jo0doe]]  It's time [[user:Jo0doe]]  stops promoting his own biased point of view,61010
Friedrich Rittelmeyer,17637436,Add references section and/or general fixes.,3635
Talk:ExxonMobil violations in Indonesia,17540881,moved [[Talk:ExxonMobil in Indonesia]] to [[Talk:ExxonMobil Violations in Indonesia]]: To cooperate with coatracking issue,103
Genghis Khan,17414699,/* In China */,70041
Liver,17384301,/* Lobes */,25925
Jermaine Dupri production discography,17368821,null,20067
Wikipedia:Version 1.0 Editorial Team/Sexuality articles by quality/3,17291088,"Update for October 12, 2008 (test code)",71873
Template:Shooting WR DT150 Men Qualification,17276240,Units/dates/other using [[Project:AutoWikiBrowser|AWB]],586
User:Carnildo/redirect-to-sandbox,17239473,[[WP:AES|←]]Redirected page to [[User:Carnildo/sandbox5]],36
Guatemala,17238567,/* Demographics */,11710
The Straitjacket Lottery,17216587,null,3205
Yushu County,17215832,Robot: tagging uncategorised page,719
Friendship,17157119,/* Cultural variations */,21413
User talk:Download,17135320,Reverted 1 edit by [[Special:Contributions/You are so beautiful to me cant you see|You are so beautiful to me cant you see]] identified as [[WP:VAND|vandalism]] to last revision by [[User:Neutralhomer|Neutralhomer]]. using [[WP:TWINKLE|TW]],23253
I Need a Man,17118591,moved [[I Need a Man]] to [[I Need a Man (Eurythmics song)]]: disambiguation,44
List of Soul Eater chapters,17045487,/* Chapters to be collected into volumes */,14712
Ajantha Mendis,16962266,null,18799
User talk:67.42.84.10,16937678,Caution: Vandalism on [[Podracing]]. ([[WP:TW|TW]]),721
Category:Unassessed Cleveland Cavaliers articles,16796719,#NAME?,66
Template talk:World's most populous metropolitan areas,16742036,null,3827
Wikipedia:Articles for deletion/Odette Krempin,16690526,"Protected Wikipedia:Articles for deletion/Odette Krempin: closed afd, disruption ([edit=autoconfirmed] (expires 19:20, 10 December 2010 (UTC)) [move=autoconfirmed] (expires 19:20, 10 December 2010 (UTC)))",4280
Zvonimir Ciglič,16681530,to be translated from slovenian wiki,406
DVD releases of Kath & Kim,16673127,Unlinking full-dates. [[User:Full-date unlinking bot|Details here]]. Codes: AMreg(×13),6137
Wikipedia:Articles for deletion/Anthrosexual,16647839,Substituted a transcluded template meant to have its text fixed.,43133
Adam Kirsch,16619152,Link [[New_Formalism]],2529
Portal:Pennsylvania/Featured content,16608664,added Jim Thorpe,1824
Lord Francis Douglas,16524768,/* Early life */ more apt style,9093
Talk:The Niagara Falls Museum,16381783,assess for WP Museums,49
User talk:Sasata,16336564,/* DYK for Cookeina */ reply,72081
Wikipedia:Sandbox,16283969,null,24
Wikipedia:Sandbox,16283969,null,522
User:OlenWhitaker,16283657,Reformat,8439
Erotas (Season 2),16196594,BOT - Sorting redirects,63
"Gaz, Kyrgyzstan",16181159,changed to village  using [[Project:AutoWikiBrowser|AWB]],1263
User talk:Toddst1,16120557,/* eh */ new section,3178
Saint-Cyr-au-Mont-d'Or,16036092,[[WP:AES|←]]Created page with '{{Communefra|nomcommune=Saint-Cyr-au-Mont-d'Or |région=[[Rhône-Alpes]] |département=[[Rhône (département)|Rhône]] |arrondissement= Lyon |canton=[[Canton de Li...',817
User:VeblenBot/C/Current peer reviews,15991764,automatic update,9135
Tri-County Community College,15858391,Adding geodata: {{coord missing|United States}},4473
Kontour,15717980,added a link,4040
Supermarine Spitfire operational history,15630676,"Added Clarify tag to ""inches"" - I'm assuming this refers to ""inches of manifold pressure""? Needs to be clarified, since there doesn't seem to be an WP article on it",112064
"Saint-Georges-du-Bois, Charente-Maritime",15503070,Adding geodata: {{coord|46.133|N|0.733|W|display=title|source:nlwiki}},883
Wikipedia:WikiProject Military history/Coordinators/February 2008/Tally,15440812,null,1044
Trinidad and Tobago passport,15304056,/* Central and South America */,2503
Portal:Southeast Asia/2008 January 13,15189616,"[[WP:AES|←]]Created page with '<!-- NOTE:   Before posting, please make sure you are familiar with posting guidelines: * Please log news events in the present tense. * List the items alphabetical...'",1821
Colin Delaney,15146155,[[WP:UNDO|Undid]] revision 249484447 by [[Special:Contributions/189.26.127.140|189.26.127.140]] ([[User talk:189.26.127.140|talk]]),15837
Wikipedia:Articles for deletion/Zillah Bell Contemporary Art,15066607,Notification: WikiProject Yorkshire,2850
User talk:Chris oss,14993080,this is about christian oss how he became life!!!!!!,685
Serbia in the Eurovision Song Contest 2008,14977244,{{Refimprove|date=September 2008}},3497
Digital television in Guatemala,14969256,#NAME?,304
Aris FC,14905195,[[WP:AES|←]]Blanked the page,0
Steven Klein,14889597,"clean up, add wiki links",1364
LYAR,14878214,Citation maintenance. You can [[WP:DOI|use this bot]] yourself! Please [[User:DOI_bot/bugs|report any bugs]].,5850
User talk:Berean Hunter,14758644,/* User:Tohd8BohaithuGh1 and huggle (don't panic lol) */,16855
Pieter Van Buskirk,14752435,Unlinking full-dates. [[User:Full-date unlinking bot|Details here]]. Codes: AMreg(×3),2073
Killing babies,14749003,Robot: Fixing double redirect,31
User talk:66.229.110.215,14576787,Message re. [[Dave Trembley]],2617
Batala (music),14573271,null,931
List of wars involving Greece,14562375,Category:Greece-related lists|Wars]],2669
Category talk:American athlete-politicians,14541155,[[Wikipedia:Categories for discussion/Log/2008 June 27|CFD 2008 Jun 27]],169
Sarah Austin,14514689,/* Pop17 */,10186
Charice Pempengco,14382613,"Reverted to previous version as edited by Jtalledo at 22:40, 19 May 2009",31285
Meola Creek,14256522,"fix ""comprised of""",4512
User talk:64.39.113.185,14232023,null,2789
CD Aurrerá de Vitoria,14179867,null,1904
Wikipedia:Version 1.0 Editorial Team/Literature articles by quality,14176042,"Update for September 29, 2008 (test code)",1001
Talk:Arizona Science Center,14090708,"[[WP:AES|←]]Created page with '  == Photo == This photo isn't very good, but it's better than nothing, so I'll leave it for now.  Feel free to replace it. [[User:Kirs10|Kirs10]] 19:25, 5 November...'",175
Farrar (surname),14080448,rem nn,944
Under Satanæ,14034621,/* External links */,1770
User talk:65england,14008525,welcome,5196
Bluebelt,14001865,null,2479
Goosebumps HorrorLand,13935781,/* #7 - My Friends Call Me Monster */,25261
User:Cyde/List of candidates for speedy deletion/Subpage,13784401,Robot: Listifying from Category:Candidates for speedy deletion (98 entries),6160
List of characters in the Pokémon anime series,13763276,/* Misty */,29437
Seventh-day Adventist interfaith relations,13755595,"/* Other religions */ new section for non-religious bodies (it's still public relations; even if not still ""interfaith"")",30649
Adelsverein,13734330,underconstruction,328
Wikipedia:WikiProject Australia/Maintenance,13707432,Updating count per [[User:Erwin85/CatCount]].,1104
User:Tcisco/United States gravity control propulsion initiative,13580807,/* Aerospace Research Laboratories */,31890
User talk:JOHN C. SNEDEKER,13466539,Robot - Removing category WelcomeBotResearch per [[WP:CFD|CFD]] at [[Wikipedia:Categories for discussion/Log/2007 December 24]].,6719
IvanAnywhere,13458909,added an external link,3234
Fred Biddlestone,13436321,formatting,703
User talk:Converse1979,13411087,[[WP:AES|←]]Created page with '{{subst:welcome}}',1200
Wikipedia:Articles for creation/2007-09-23,13395079,/* Ekram Ali (1950) is an Indian Poet */ declined,57862
User talk:Altairisfar,13326262,/* Notability of schools */ re,14582
Wikipedia talk:Notability,13313193,/* De Facto Policies and Erroneous Logic */ reply Masem.  Sounds good.,72616
User talk:Blanchardb,13236335,/* Charlie Austin */ new section,13061
The Host (novel),13116455,/* Potential sequels */,21150
Talk:Antimachus (disambiguation),13100601,"Articles with ""Biography stubs"" not yet tagged with {{WPBiography}}",232
List of Saturday Night Live episodes,13094674,/* Season 34 */,58617
Template:Geobox location New Mexico,13081825,moved [[Template:Geobox location New Mexico]] to [[Template:Geobox locator New Mexico]],48
Zybian,12923696,[[WP:AES|←]]Redirected page to [[Bupropion]],23
User:MikeVitale/Userboxes-Sports,12894796,I'm a UT alum.  Hook 'em.,255
Internet in Spain,12838176,null,2927
List of current champions in World Wrestling Entertainment,12767523,null,10375
Whitehead Women's Pairs,12746198,First entry,4768
Indonesians in Japan,12720433,/* Further reading */,4876
Windermere Park,12637485,redirect,46
User talk:Brainuse,12604159,General note: Vandalism on [[KFC]]. using [[WP:TWINKLE|TW]],667
User talk:ImageRemovalBot/log,12587194,Logging warning message,2310
User:Joseph A. Spadaro/Sandbox/Page01,12515855,/* Index of Articles: */,4212
Appropriation Act 1826,12497567,[[WP:AES|←]]Redirected page to [[Appropriation Act]],31
Yellow-throated Honeyeater,12460204,"/* Breeding */ more info, cites",6713
Suicide of Vince Foster,12439461,/* See also */ leave directly discussed articles,14785
Talk:Hirasea major,12326553,assessment for Project Gastropods,68
Hentern,12309438,robot  Adding: [[ro:Hentern]],1140
Environmental Science & Technology,12232719,stub,1329
2008 AFC U-16 Championship,12186051,/* Group B */,12291
User talk:71.169.47.25,12094163,Warning: Vandalism on [[Still Tippin']]. using [[WP:TWINKLE|TW]],2093
William Henry Furness,12064187,Add [[Category:People associated with Transcendentalism]],1054
Talk:Number Please,11941421,assessed,99
Disputatio nova contra mulieres,11895880,[[WP:UNDO|Undid]] revision 173759181 by [[Special:Contributions/Secisek|Secisek]] ([[User talk:Secisek|talk]]),1776
110 Livingston Street,11884874,/* External links */,2748
Chiefs–Raiders rivalry,11840325,/* 1980's */,31111
Wikipedia:Version 1.0 Editorial Team/Biography articles by quality/709,11790264,"Update for November 28, 2007",86738
History of video game consoles (seventh generation),11762000,/* Worldwide sales standings */,20812
Broken Bow Records,11687342,/* Previous Broken Bow artists */,2160
Miles & Quincy Live at Montreux,11674172,Updating infobox,1732
Digital potentiometer,11630215,null,2240
Wikipedia talk:Requests for mediation/Mahmoud Ahmadinejad,11521761,/* Motion to Commence Mediation */ S,1861
User:Chrisjnelson/Sandbox,11516573,null,679
1973 New York Yankees season,11487311,rm deleted image,3162
Wikipedia:Reliable sources/Noticeboard,11424955,/* NY Times Survey as Reliable Source for Shakespeare Authorship section? */ responses to Tom and VsevolodKrolikov,277442
Enteroviral 3' UTR element,11420789,Rfambot updates release 9.1,1171
Anette Olzon,11394363,null,10729
User:Midgrid/Awards,11362274,upgrade to veteran editor,2741
Talk:Yellow-rumped Honeyguide,11315022,Low,50
Markersdorf-Haindorf,11259680,robot Adding: [[pt:Markersdorf-Haindorf]],978
Susan Antilla,11243446,nyt review,1656
Template:Venezuela-politician-stub,11242294,New template. Created per WP:WSS,698
CS Otopeni,11241848,robot  Adding: [[ru:Отопени (футбольный клуб)]],4251
Wikipedia:Usernames for administrator attention/Bot,11238105,/* Bot-reported */ discussing,2125
Survivor: Micronesia,11220799,/* The game */ The footnote covers two boxes per Cook Islands,49428
Wikipedia:WikiProject Biography/Peer review/Gwen Stefani,11146855,/* [[Gwen Stefani]] */,1085
User:VeblenBot/PERtable,11129092,automatic update (5 requests),2532
Talk:World Chess Championship 1963,11095704,/* Stein */,3143
Methamphetamine,11038318,/* Pharmacology */,37042
User:Trident13/TFR,11034379,null,13722
Wikipedia:Usernames for administrator attention,11022716,Reporting [[Special:Contributions/SilvaFMmusic|SilvaFMmusic]]. using [[WP:TW|TW]],2471
Wikipedia:Usernames for administrator attention,11022716,Reporting [[Special:Contributions/DoNotEditTalkPages|DoNotEditTalkPages]]. using [[WP:TWINKLE|TW]],1437
Wikipedia:Usernames for administrator attention,11022716,9 users left. rm [[Special:Contributions/Globalbios|Globalbios]] (blocked indef by [[User:Cirt|Cirt]] [[User:HBC AIV helperbot/Legend|(ABD)]]).,2616
Wikipedia:Tutorial (Editing)/sandbox,11005908,Clearing sandboxes. (bot),243
File:TNA Wrestling.JPG,10972058,uploaded a new version of &quot;[[File:TNA Wrestling.JPG]]&quot;: Added the new Tna Logo From The Tna Website added a dark glow and a black stroke now if wwe can get a transparent logo why can't Tna get one,1239
Talk:Chicago Coalition Against War & Racism,10925622,rated,99
Harry W. Lange,10854090,fmt headline ([[Wikipedia:WikiProject Check Wikipedia|WP Check Wikipedia]] check #44,3968
Talk:Laudabiliter,10811501,/* Lnk to Wikisource */ reply,14475
User talk:Paul Elliot Lee,10747588,welcome and nn-warn,2692
User:Selfworm/FoundX,10654320,moved [[User:Selfworm/FoundX]] to [[User:Selfworm/Templates/FoundX]],44
User talk:Mahanga/archive7,10651667,/* Need some help */,4528
Wikipedia:Version 1.0 Editorial Team/Alabama articles by quality statistics,10623041,"Statistics for January 11, 2008",961
Kenwood Towne Centre,10583412,dab,8808
Fife and Forfar Yeomanry/Scottish Horse,10558410,null,11959
Talk:Gary Weiss,10542381,cleanup,27832
Margareta Bengtson,10486737,/* Release of first Solo Album */ cat,1743
Luis de Carabajal y Cueva,10466967,Expanded,7232
1991–92 Vancouver Canucks season,10432841,/* [[Kirk McLean]] */,29692
Wikipedia:Editor assistance/Requests,10412416,/* 33 (Battlestar Galactica) */ links,157258
University of Missouri Research Reactor Center,10400448,Units/dates/other  using [[Project:AutoWikiBrowser|AWB]],4814
User talk:Cpvolvo,10392062,BOT - [[WP:SUBST|Template substitution]],1284
Talk:Sanjaya Malakar,10335202,null,1975
User talk:HowardMorland,10316258,Replying from new contributors' help desk,2000
Carolinas-Virginia Tube Reactor,10257908,"Added a more detailed physical location description, fixed tense of ""overlooked"", added note that all fuel has been removed per NRC",1621
User talk:Guitaristlcpl,10212645,rmv help me by blocked user,4091
Talk:The Living Dead (television documentary series),10160918,"/* Removal of ""unreferenced"" tag */",312
Sinestro Corps,10146373,/* Members */,4956
Lice Capades,10133965,/* Trivia */,7244
Darren Edwards,10089078,revert vandalism,248
Lyme disease microbiology,10085290,/* See Also */,42063
List of world records in swimming,10076226,null,15734
Wikipedia:WikiProject Spam/LinkSearch/bravenet.com/forum,10007443,website *.bravenet.com/forum has 76 links on wikipedia,2348
User:Bwe45,9883250,null,205
User talk:Jimbo Wales,9870625,[[Help:Reverting|Reverted]] edits by [[Special:Contributions/IslandersZweiSieben|IslandersZweiSieben]] ([[User talk:IslandersZweiSieben|talk]]) to last version by Majorly,17662
User talk:Jimbo Wales,9870625,/* Regarding our discussion on this page a few days back */,17733
Template:Tyrosine kinases,9870236,#NAME?,4547
Talk:Cullen Bailey,9827840,[[User:SatyrBot|SatyrBot]] adding [[WP:AUS]] WikiProject banner,156
User:Sapphic,9818599,Replacing [[Image:Barnstar-rotating.gif]] with [[Image:Tireless_Contributor_Barnstar.gif]] (by [[commons:User:White Cat|White Cat]] because: More descriptive filename).,5201
Talk:Essjay controversy,9803346,/* Appointment to ArbCom */ previous threads,92054
Blackout (alcohol-related amnesia),9660402,fixed references code,5731
Wikipedia:Articles for deletion/Al Gore III (6th nomination),9610182,/* [[Al Gore III]] */ d,7068
Talk:Paytakaran,9594286,/* 2a - 2d */,30874
Nascar 08,9555120,Do not need Nascar 08 title twice,796
Melinda Doolittle,9549764,null,19029
Talk:List of Madrid metro stations,9535951,SatyrBot auto-adding tag to talk page.  See [[User:SatyrBot/Current project]],22
Midget (band),9513598,Links included,2046
User talk:Cheeser1,9258313,-,0
Ulmus macrocarpa var. macrocarpa,9204883,Removed taxobox colour. See [[User:Eubot/Removing colours from taxoboxen]].,2304
User:Red Act,9091858,[[WP:AES|←]]Blanked the page,0
2011 and beyond in film,9050777,/* October – December */,83861
User talk:67.160.129.206,9012798,/* Regarding edits made 27 February 2007 to [[:Gobiesocidae]] */ block,5924
Proportional reduction in loss,9006975,/* References */  I've added two references (#1 & #3) and corrected the link to the original reference that was provided (now #2). Psychometrika allows new links (it's >5 years since publication).,1155
Santiago Martínez Delgado,8886953,null,11365
TimeSplitters,8639952,null,544
Bella Swan,8618444,/* Twilight */,26178
Morne Morkel,8612014,null,15009
User talk:74.92.1.189,8499115,last warning,5485
Patricio Pouchulu,8459049,/* External Links / Sources */,2870
User talk:Fainites,8373790,/* Violation of three Reverts Rule */,40034
Minutes to Midnight (album),8364390,/* Track listing */,37088
Qalander Ba Ba Auliya,8329761,null,7176
Template:The Flintstones,8287795,null,2857
David C. Lewis,8260146,null,761
FC Tranzīts,8246830,/* First-team squad */,2099
Talk:Thief Valley Reservoir,8227806,+{{WikiProject Oregon}},22
West Yorkshire Road Car Company,8225264,"Quick-adding category ""Companies based in Harrogate"" (using [[WP:HOTCAT|HotCat]])",6707
List of crime films,8174654,/* 1944 */ dab,26821
Customs and Excise Department,8146729,Merge into [[Customs and Excise]].,32
Eleanor de Bohun,8140242,null,1222
Rowing at the 2006 Asian Games,8136840,robot Adding: [[sl:Veslanje na Azijskih igrah 2006]],40996
Wikipedia:WikiProject Boston,7994492,null,886
User talk:Daniel/Archive/15,7979120,Switch to new format per Daniel,32025
BucConeer,7973571,Redirecting to [[56th World Science Fiction Convention]],51
Hurricane Cindy (1963),7967037,null,805
Talk:Battle of Saint John's Bluff,7915417,null,89
File:Google Scilly.jpg,7904145,Removed [[Template:di-orphaned fair use]]. File is not an orphan.,793
User talk:HokieRNB,7855996,/* RE: England is a country */ - Oh no it isn't!,10157
Talk:Barack Obama,7777393,/* Place of Birth */,162491
User talk:John,7750197,null,28478
Guam Highway 1,7709715,external link,5204
Sonam Kapoor,7670257,null,643
Keep It to Yourself (song),7646206,/* Trivia */  capitalisation of Vex Red,3767
Mike Lum,7643263,null,1290
Talk:Tête-à-la-Baleine Airport,7633819,Adding {{AirportProject}}  using [[WP:AWB|AWB]],18
IAAF World Youth Championships in Athletics,7546287,/* IAAF World Youth Championships */,949
Talk:Sephora,7516607,agreed,2400
Andy Gray (footballer born 1964),7460953,null,4646
Villa Dálmine,7456746,Lge Pos,1879
User:Amarkov/pokeinfoboxwork,7374517,hope this works,3373
The Lord of the Rings (symphony),7373349,Date/fix the maintenance tags  using [[Project:AWB|AWB]],622
Talk:Srebrenica massacre/Archive 7,7361773,archive,191276
File:94X logo.png,7326624,"Robot - Renaming non-free template ""Radiologo"" per [[Wikipedia:Non-free content/templates]].",43
My Opera,7293020,formatting,6666
Wünnewil-Flamatt,7228977,interwikis:  adding: es,1016
National Library of Maldives,7204763,Standard headings &/or gen fixes.  using [[Project:AutoWikiBrowser|AWB]],2371
Virus (1980 film),7055037,null,6752
User talk:132.10.250.80,7047982,Warning [[Special:Contributions/132.10.250.80|132.10.250.80]] - #1,4609
Talk:Hippocrates/to do,6987988,update,570
Economic impact of immigration to Canada,6943279,/* Per capita income */,31627
Nicole Scherzinger,6803715,null,19714
RPG Maker,6769926,sortable table/* RPG Maker series timeline */,15101
Viktoras Kulvinskas,6759524,/* Trainer & Educator */,10546
Pozzaglia Sabina,6753577,robot  Adding: [[vi:Pozzaglia Sabina]],4011
Talk:Sebastián Viera,6619323,Tagging for WikiProject Uruguay,65
S. K. Roongta,6613439,null,239
Talk:Lauren Laverne,6607593,Trivia section,510
The One Where the Stripper Cries,6588746,/* Production */ sp,4270
JIMENA,6587074,Date the maintenance tags or general  fixes,3084
Belfast Harlequins,6232617,Reverted edits by [[Special:Contributions/124.189.82.81|124.189.82.81]] to last revision by Discospinster ([[WP:HG|HG]]),15162
Gairy St. Clair,6203947,"Removing backlinks to List of male boxers because """"; using [[WP:TWINKLE|TW]]",2407
Talk:Cityplace (Winnipeg),6147237,null,213
Port Macdonnell,6140357,redirect to std name and capitallisation,46
Mike Reid (American football),6133844,tag for refimprove,8275
Kane & Lynch: Dead Men,6113359,null,8374
Edna Wallace,6100561,/* External link */,2525
User talk:139.86.2.15,6052772,Message re. [[Assertiveness]] ([[WP:HG|HG]]),12722
Template:2006 Lebanon War,6032303,rescope to [[2006 Israel-Lebanon conflict]]; recommend move to {{tl|2006 Israel-Lebanon conflict}},1581
"Elmwood Cemetery (Detroit, Michigan)",6024963,/* Book */ Give URL for citation,2300
Talk:Prince Ludwig of Bavaria (b.1982),5980596,null,302
"European Parliament election, 2009",5966954,Minor Edit,8665
User talk:Javierbaires1,5959001,/* Adoption */,6256
"Mount Tabor, New Jersey",5899134,Date maintenance tags and general  fixes,17567
Talk:Kingdom of God,5890464,/* basileia */ original to Jesus?,9970
Prince of Persia: The Sands of Time (film),5866831,/* Premise */,15488
Poolampatti,5806711,robot Adding: [[it:Poolampatti]],2030
Secret Lovers,5800522,added a category and a couple of wiki-links,3017
Nicholas Shehadie,5785132,/* Business and public life */,12814
Mat Hoffman's Pro BMX,5777983,null,3150
Talk:European anchovy,5731229,|class = start,1015
Live food,5709360,Date/fix the maintenance tags or gen fixes  using [[Project:AutoWikiBrowser|AWB]],2967
"Talk:Camp Swift, Texas",5688315,updated WikiProject Austin,136
Television in Pakistan,5685039,/* Slogans */,5817
The Principal,5637772,Delink dates ([[WP:MOSUNLINKDATES]]) using [[Project:AWB]],4450
Wikipedia:Version 1.0 Editorial Team/Film articles by quality/21,5621785,"Update for [[February 21]], [[2007]]",88327
Daisy Eagan,5605265,[[WP:AES|←]]Undid revision 114451834 by [[Special:Contributions/71.54.151.69|71.54.151.69]] ([[User talk:71.54.151.69|talk]]),1100
Ethernet physical layer,5559175,/* Ethernet Minimum Cable Lengths */,15324
Talk:Administrative division of the Polish–Lithuanian Commonwealth,5533622,null,1781
Tony Hoagland,5529963,null,6165
User talk:Dvori,5519164,rmv helpme tag,3527
Saw (franchise),5515121,/* The Ride */,20786
Talk:Glaceon,5440883,Pokémon Collaborative Project  using [[Wikipedia:AutoWikiBrowser|AWB]],22
Chips (dog),5350187,Stub-sorting. [[Wikipedia:WikiProject Stub sorting|You can help!]],2085
Lynn Emanuel,5336410,null,3162
Cavalcade of Glee and Dadaist Happy Hardcore Pom Poms,5318309,removed residual comma,1696
User talk:Danianjan,5300969,/* Shiv Sena */,9404
Differences between Spanish and Portuguese,5274089,"/* ""Todo"" and ""tudo"" */",84169
Talk:Škoda Works,5271089,noting [[:Image:Skoda Holding logo.png]] is about to be deleted [[WP:NONFREE]],2905
User:FangzofBlood,5196993,null,5294
User:SKShahzad,5189703,/* '''Syed Khurram Shahzad Kazmi''' */,672
Franco Pellizotti,5171086,robot Adding: [[sr:Франко Пелицоти]],4273
Nikolaus von Schönberg,5170603,delinked dates,4667
Talk:Evolution,5157887,"/* Gregor Mendel */ so, where's the beef?",25225
Wikipedia:Administrators' noticeboard/Incidents,5137507,/* Spammed by [[User:Bhadani]] */ nothing wrong,167939
Wikipedia:Administrators' noticeboard/Incidents,5137507,/* [[User:Doc glasgow]] making personal attacks on other users. */,288722
Jessica Bird,5098127,/* Black Dagger Brotherhood Series */,1403
Elite Beat Agents,5097028,null,21998
Wikipedia,5043734,null,81129
War in Darfur,5043637,rvv,43373
Michael D Coe,4925453,create rdir,28
Keith Lasley,4918676,null,2190
Baitullah Mehsud,4904242,/* Background */Date maintenance tags and general  fixes,25719
Chatha,4903151,/* References */,7941
File:Ph seal quezon lucena.png,4892570,Image template name correction per [[User:MBisanz/BotR]],1190
Corvinus Strain,4862860,[[WP:UNDO|Undid]] revision 305571959 by [[Special:Contributions/75.152.172.82|75.152.172.82]] ([[User talk:75.152.172.82|talk]]),5250
State Defense Guard (Czechoslovakia),4834223,Unlinking full-dates. [[User:Full-date unlinking bot|Details here]]. Codes: AModd(×1),4157
User talk:66.46.159.180,4810609,/* January 2008 */ vandalism4 warning,14023
BoA discography,4742961,/* Singles */,16241
Talk:Swept Away (2002 film),4741633,null,530
Bituing Walang Ningning,4719777,/* Weekly Ratings (Mega Manila) */,26424
Talk:Muhammad in Islam,4702154,null,186
Crystal ball,4631127,null,1105
CableOne,4605988,[[WP:UNDO|Undid]] revision 173384811 by [[Special:Contributions/72.201.46.53|72.201.46.53]] ([[User talk:72.201.46.53|talk]]),13847
Talk:Friends of South Asia,4596674,/* Newstoday.net */,139731
Lex Iulia de Ambitu,4590065,redirect,23
User talk:Meodipt,4574767,{{subst:idw|Image:ETH-LAD.png}},22193
Cypress Bay High School,4563092,/* Student body */,7606
Syd Heylen,4537480,bot: Removing from Category:A Country Practice cast members,520
Wikipedia:Featured article candidates/Cannabis (drug)/archive1,4529567,"Sorry, don't mind me. Wrong button.",8343
User talk:MelicansMatkin,4513328,/* 76.118.216.61 */ reply,39153
Invasion of the Body Squeezers,4511921,null,636
Research Papers in Economics,4510308,/* Use RePEc */,3500
User talk:Oxasaurusrex,4498784,You've uploaded an unsourced image,821
The Legend of Zelda: Phantom Hourglass,4491045,null,24692
Piranha Interactive Publishing,4467334,Morpheus wikification,3980
Neurodegeneration,4464817,null,15846
User talk:TheDJ,4459835,Notification: Speedy deletion nomination of [[User:TheDJ/SandboxTemplate3]]. using [[WP:TW|TW]],27120
Fullmetal Alchemist 3: Kami o Tsugu Shōjo,4441404,no citation means it just speculation,4404
Prophet (disambiguation),4412295,/* Others */ add newspaper,2479
File:Dis s.jpg,4407750,null,111
George Walton Comprehensive High School,4340738,/* Non-traditional Fight Song */,29651
Wikipedia:Categories for deletion/Log/2006 March 10,4336001,/* [[:Category:National Geographic's 50 Most Important Political Leaders of All Time|Category:National Geographic's 50 Most Important Political Leaders of All Time]] to [[:Category:National Geographic's 50 Most Important Political Leaders in History|,3678
Portal:United States Marine Corps/Things you can do,4330126,removed 6th ESB  ERcheck got it,619
Wikipedia:Kindness Campaign/Participants,4320309,/* J */  JuWiki,39806
Glyn Davis,4307253,Reverted edits by [[Special:Contributions/203.28.240.20|203.28.240.20]] to last revision by NellieBly ([[WP:HG|HG]]),6895
Kaiser Broadcasting,4304075,"I'd hardly call 19 years ""short lived""",5761
User:Galactor213,4289693,null,10262
Reflections (A Retrospective),4194312,bulleting external links  using [[Wikipedia:AutoWikiBrowser|AWB]],1469
Thomas Young (archbishop),4183233,/* Life */ spelling as in Welsh Biography Online,5370
Roseburg High School,4179070,Reverted edits by [[Special:Contributions/71.92.157.1|71.92.157.1]] to last version by 68.116.99.21 ([[WP:HG|HG]]),3106
Damien Parer,4169126,link to peleliu,2568
List of Saiyans in Dragon Ball,4159729,Date/fix the maintenance tags,25404
William Henry Bramble,4158987,/* Chief Minister */,7689
Blackout (Britney Spears album),4132613,null,43924
User talk:80.195.190.88,4131070,bv,1687
Harold Hunter,4126025,/* Death */,2069
Ward Churchill,4091662,/* Books */,10108
Inhaca,4082703,/* [[Ecotourism]] */,4296
List of Pure Pwnage episodes,4079663,"Copyedit, remove points that are neither easter eggs nor continuity errors.",30422
User:Mike Dillon/Scripts/cleanup.js,4046456,null,3586
"Ars longa, vita brevis",3923594,Robot-assisted fixing links to disambiguation page ([[WP:DPL|you can help!]]) English,1319
Bist du bei mir,3872449,/* The Text */,2684
Wikipedia talk:Proposed deletion,3865224,/* Policy needs tweaking */ it doesn't,72803
Baylor Massacre,3820406,about 135 forces total - quoted number is 125 men and about a dozen officers,3392
Lokomotiv Stadium (Moscow),3808989,null,683
Arenas Club de Getxo,3802118,/* La Liga Season Records */,16267
User:Rockumsockum,3794248,"migrate {{Babel-X}} and related redirects to {{Babel}}, and migrate GUS userboxes where appropriate,  using [[WP:AWB|AWB]]",1401
Talk:S-train,3679828,A question,6928
"Blle Mead, NJ",3671585,remove : from redirect and general  fixes,36
Marian Ilitch,3634216,rm spam,11019
Brave Story,3625394,rephrase,13044
María Ballesteros,3623044,Unsourced BLP,1000
Derek Morris (ice hockey),3622144,moved [[Derek Morris (hockey player)]] to [[Derek Morris (ice hockey)]],4309
Abraham Zabludowsky,3590015,redirect,33
List of shopping malls in the Philippines,3587976,/* Gaisano */,68875
Bobby Byrne (baseball),3581179,moved [[Bobby Byrne]] to [[Bobby Byrne (baseball)]]: dab,3322
Mike Juhasz,3543257,substub,163
Élie Halévy (Chalfan),3541277,null,2637
ICD-10 Chapter X: Diseases of the respiratory system,3528054,/* (J09-19) Influenza and Pneumonia */,12862
Rich Whitney,3527632,"Categorizing under ""1955 births""",7734
Dani Alves,3508785,/* Teams */,19165
Wikipedia:Articles for deletion/Showering French Yak,3504739,/* [[Showering French Yak]] */ typo,4670
Talk:Assyrian cuisine,3493181,null,3424
Wikipedia:Today's featured article/October 2006,3491368,null,8971
History of Michigan State University,3454255,/* Agriculture School */ copyedit,31803
2005 National Scout Jamboree,3445790,/* Activities */,9564
Unidad de Operaciones Especiales,3443142,null,8351
Frances Bay,3434494,removing [[:Category:Seinfeld cast members]] per [[Wikipedia:Categories for discussion/Log/2007 January 25|CFD]],2728
Dodge Polara,3404457,"/* 1960-1962 */ More details of the 1960 model, including mention of the 1960 full-sized Dodge Darts.",8402
Mansoor Khan,3367026,dab,1724
User talk:GregRog,3359069,BOT - July 2006 Military Newsletter Delivery,7133
Talk:Josh Freese,3357219,discography section alphabetizing,660
Dorothy Macardle,3351102,/* Biography */,4306
Schmuck (surname),3320566,null,1397
Tropical cyclone scales,3306341,/* Australia */,22275
The Twins Effect II,3299612,Reverted edits by [[Special:Contributions/67.55.7.12|67.55.7.12]] ([[User talk:67.55.7.12|talk]]) to last version by Bobo192,3054
Talk:Nanaimo bar,3271420,null,1350
Oh No (musician),3258105,/* Biography */,6280
Talk:Looking for Mr. Goodbar,3250539,Tagging NovelsWikiProject  using [[Project:AWB|AWB]],3161
Justin Jenkins (American football),3219530,null,1414
Kearney Zzyzwicz,3196594,null,3798
Leamington F.C.,3157830,/* Other Honours */,16587
Human rights in the Islamic Republic of Iran,3156692,"/* The constitution */  Corrected typo (""if"" -> ""of"")",39651
Ben Hall,3122858,/* Death */,7504
Beniamino Andreatta,3052783,null,4327
"Cottonwood High School (Murray, Utah)",3050007,/* Notable alumni */,4165
User:Cattus,3048490,null,595
Fernando Verdasco,3040386,/* Win (1) */,27376
Democrat Party (United States),3015176,"Removng Eisenhoweer, unless you can find an actual quotation of him using ""Democrat Party"" in a speech.",9657
File:RedEye05.jpg,3001742,/* Licensing */ corrected inaccuracy about the nature of the scene,1223
Ohio State Reformatory,2968986,/* References */,7880
Influenza A virus subtype H3N2,2957262,[[WP:RBK|Reverted]] edits by [[Special:Contributions/61.17.76.228|61.17.76.228]] ([[User talk:61.17.76.228|talk]]) to last version by Himypiedie,16118
Number 1's (Destiny's Child album),2928105,null,3760
Luis Vernet,2913446,"added references tag, minor wiki link",5256
Cranfield Airport,2911549,updating link  using [[Project:AutoWikiBrowser|AWB]],2699
KLSU,2901525,null,2152
Bollywood Film Festival,2879266,null,942
The House on the Edge of the Park,2839369,Date the maintenance tags or general  fixes,3942
Stockwell Garage,2810193,Units/dates/other  using [[Project:AutoWikiBrowser|AWB]],1764
Royal Munster Fusiliers,2795250,Removing [[:Image:Cnv00001.jpg|image]] by request; see [[Wikipedia:Administrators' noticeboard#Stamps wrongly claimed as Fair use: serious copyright problem]],29358
OrCAD,2725476,rv. deprecated HTML,1292
User talk:Rene Christensen Dokbua,2692983,null,1346
Talk:Army of Ghosts,2687774,/* Why move the trivia about Freema Agyeman? */,44933
Fat Camp (South Park),2669022,corrected SP navigation link,3090
"Scooby-Doo, Where Are You!",2610234,Typo correction - [[Wikipedia:Typo|You can help!]],14847
Wikipedia:Requests for adminship,2609425,"/* [[User:Ed g2s]] (2/0/0) Ends 03:07, 29 July 2004 */",25013
Lee McCulloch,2607658,/* Motherwell */,8308
User talk:72.10.123.133,2599654,"/* March 22, 2006 */ block",6915
Wikipedia:WikiProject Missing encyclopedic articles/Hot/S,2598172,"Remove blue links, 315 left",20610
Kim Poirier,2541316,null,7062
Wikipedia:Reference desk/Science,2535910,null,224010
"Sabaneta, Barinas",2530481,Adding geodata: {{coord missing|Venezuela}},3138
User talk:204.234.247.165,2529766,Warning [[Special:Contributions/204.234.247.165|204.234.247.165]] - #1,20274
List of B roads zones in Great Britain,2520200,"Changed B9059 to B9058, added B5059",69804
Fujiyama (roller coaster),2510367,Adding geodata: {{coord missing|Japan}},2577
Charles N'Zogbia,2504294,/* International career */,13208
Akbar Bugti,2496363,null,21687
Soren Sorensen Adams,2482576,Birth month changed,3377
Parahippocampal gyrus,2473391,fix wikilink,3654
Talk:Waldorf education,2472393,null,84254
Hiroyoshi Tenzan,2438931,"moved [[Hiroyoshi Yamamoto]] to [[Hiroyoshi Tenzan]]: [[ring name]], per Wikiproject consensus",5692
Final Fantasy bestiary (F-M),2421742,/* Gods & Goddesses */,24621
User talk:Silverhorse,2399165,''Carry On'' contributing,3240
Sredny Stog culture,2360371,[[WP:UNDO|Undid]] revision 161584122 by [[Special:Contributions/Dachannien|Dachannien]] ([[User talk:Dachannien|talk]]),2028
Mystery shopping,2354987,robot  Adding: [[lt:Kontrolinis pirkimas]] Modifying: [[tr:Gizli müşteri]],8867
User:Chensiyuan,2353193,null,331
Wikipedia:WSS/D,2343495,#REDIRECT [[Wikipedia:WikiProject Stub sorting/Discoveries]],80
List of Jewish actors,2342051,/* F */,23348
King Edward VII and Queen Mary School,2330443,Category:Schools in Lancashire,1535
Centre for Fortean Zoology,2328673,"To correct ambiguous and incomplete information, and to provide updated information on CFZ activities",5487
Ridley College,2327926,null,15336
Bree Van de Kamp,2304773,/* References */,11744
User:-b,2304567,null,1745
Jenifer Alcorn,2294267,Robot - Moving category Female boxers to Women boxers per [[WP:CFD|CFD]] at [[Wikipedia:Categories for discussion/Log/2008 December 23]].,3205
Criss Angel,2279619,Reverted edits by [[Special:Contributions/91.76.42.53|91.76.42.53]] to last version by Tombomp (using [[WP:HG|Huggle]]),12058
Nick Knowles,2278624,/* Trivia */,1431
A Current Affair,2276745,/* Hosts */,5419
Vydubychi Monastery,2273699,Remove link : duplicated by geo-coding,5067
Penultima,2251571,"rm irrelevant, non-notable band",2620
List of English words containing Q not followed by U,2233464,/* Words */,17178
Empty calorie,2230412,reword,1986
Trouble (Whitesnake album),2228039,null,2820
"Kew, Gauteng",2222835,Adding geodata: {{coor title dm|26|07|S|28|05|E|region:ZA_type:city_source:GNS-enwiki}},343
"À Kempis, Thomas",2198467,null,30
Steve Cotterill,2194459,/* Burnley */,9442
Talk:Graeme Souness,2186109,/* honours section */ comment,13117
Bids for the 2008 Summer Olympics,2185228,/* Beijing bid */,6402
List of Christian metal bands,2155581,[[WP:UNDO|Undid]] revision 191632187 by [[Special:Contributions/79.211.96.68|79.211.96.68]] ([[User talk:79.211.96.68|talk]])well that was pointless,14585
Solar balloon,2149923,Got rid of junk in the middle of this article,1620
Goat Horn,2139263,Stub-sorting. [[Wikipedia:WikiProject Stub sorting|You can help!]],1994
Hell Hath No Fury (Charmed episode),2116637,/* Trivia */,6686
Varig Logística,2113757,/* Fleet */,4212
Jonathan Fire*Eater,2091707,null,1962
User:Pinkville,2086440,null,6771
Pinky and Perky,2085712,/* Revivals */,10849
Ali-Reza Pahlavi,2074664,null,1265
Molefi Kete Asante,2069450,He wrote the biographical dictionary [[100 Greatest African Americans]],3488
Amanda Schull,2064803,stared - starred,2866
Talk:Like a Rolling Stone,2058098,/* Cover versions */ cmt,43202
List of high schools in Kansas,2054179,more specific cat,16184
Upper Dublin High School,2046011,null,7205
Python molurus,2032271,null,5286
"Huntington, SC",2029101,Seth Ilys - Creating state abbreviation redirect,68
J.P. Stevens High School,2002662,/* Curriculum */,19714
Agadez Region,2000287,null,260
Andrew Castle,1998410,/* Personal life */,6098
Alain Souchon,1989581,link to french wiki,1036
Medical school in the United Kingdom,1975218,/* Course structure */ Changed UCL+KCL to just London as this is a common structure for all five London schools.,32617
Wikipedia:Administrator intervention against vandalism,1952670,Extending report for [[Special:Contributions/207.69.137.22|207.69.137.22]] (using [[WP:HG|Huggle]]),2180
Wikipedia:Administrator intervention against vandalism,1952670,2 IPs & 1 user left. rm [[Special:Contributions/Jonathannew7|Jonathannew7]] (blocked indef by [[User:Netsnipe|Netsnipe]] [[User:HBC AIV helperbot/Legend|(ACB)]]).,1613
Kambaksh,1935029,null,232
FON,1921109,/* FON and ISPs */ this is a bold assertion and is impossible to source. There are thousands of ISPs around the world. Just because no one has linked it here doesn't mean they haven't said it,16033
VMFA-323,1917160,rework ref section,7520
Talk:Naruto Uzumaki,1907092,/* Cat:fictional ninja */ reply - not a clear answer,82227
Talk:Ghost World,1906221,null,245
Meadow Lane,1901697,Stub tag,1212
Portal:Trains/Did you know candidates,1899380,promoting,2004
Peter Thomas (television narrator),1897667,took out one word,6583
YM (magazine),1868558,cat,2577
Talk:French colonial empire,1835444,null,1902
Streatham (UK Parliament constituency),1827981,null,20285
Darna,1824001,/* External links */,12882
Stardust fire,1800764,/* Aftermath */,10949
Royal Robbins,1797063,null,12022
Dewlap,1769233,"another example image, this one with an impressively large dewlap",2885
LGBT history in Singapore,1742594,/* Pre-Colonial Period */,24675
Nycwireless,1709470,{{R from other capitalisation}},57
Sgt. Pepper's Lonely Hearts Club Band (film),1701236,null,9421
Talk:Colour revolution,1649939,null,25032
Motorola RAZR,1630513,/* V3c */  firmwire .02 for v3c DOES support OBEX,12397
Madlib,1629703,null,3894
Culture of Hawaii,1624830,/* Traditional Hawaiian religion */,3056
Avatar: The Last Airbender,1620586,""". --> .""",48298
Neman (town),1612953,"robot  Adding: de, ru",2702
Tito Santana,1604392,null,11448
User talk:Rschulz,1584723,null,474
User talk:Gryffindor,1582022,/* [[User:User:192.45.72.27|192.45.72.27]] */ reply,25907
The Chipmunk Adventure,1562677,/* Production */,16643
Citroën Jumper,1530431,Date audit per [[wp:mosnum|mosnum]]/[[wp:overlink|overlink]]/Other,1805
Route 9 (Hong Kong),1528013,null,2469
James Braid (golfer),1516353,null,1960
Dida (goalkeeper),1497143,/* A.C. Milan */,30442
CTP,1486999,null,2231
Portal:Arts,1480241,null,173
Eric Guggenheim,1471273,null,296
Zion I,1466397,Changing {{cleanup}} to {{cleanup-date|September 2005}},2178
Bertrand Blanchard Acosta,1451143,Delink dates ([[WP:MOSUNLINKDATES]]) using [[Project:AWB]],20576
Denis Savard,1445842,null,14594
Rendlesham Forest incident,1433230,/* Researchers and commentators */ Added links to online copies of the landing photographs and Lord Hill-Norton correspondence.,39500
Tran Thien Khiem,1431727,null,1993
Beatport,1428362,null,5503
Northern Securities Company,1425721,null,1170
User:Kingsean1,1425109,null,439
Compaq BASIC for OpenVMS,1420839,#redirect [[HP-BASIC for OpenVMS]],34
Polish–Muscovite War (1605–1618),1389951,null,49993
Carl Gustav Hempel,1380238,/* Biography */,3224
Template:Anarchism sidebar,1324930,removing 'Love Anarchy' pending some sort of evidence it exists or article it can point to,1323
List of state highways in Washington,1315233,20 has 21X,21217
Autism rights movement,1305330,infinitives,31985
User talk:Nightstallion,1298659,/* Macedonia */ new section,165516
14th Lok Sabha,1291018,/* Uttar Pradesh */,85753
Christian Conventions,1268234,/* Doctrines differing from mainstream Protestantism */,27771
Triennial,1267933,tagging for deletion to be consistent with the discussion currently on-going about [[biannual]],34
Mathnet,1267576,null,10195
Talk:Luna Lovegood,1263918,/* Merge proposal */,52126
Bislig City,1251951,null,5607
CSS Florida,1244176,rm cat,688
Yu-Gi-Oh! The Movie: Pyramid of Light,1241944,/* Synopsis */,15566
Talk:Multi-level marketing,1237338,/* More potential references */,10910
Alt.tasteless,1236793,fix headline ([[Wikipedia:WikiProject_Check_Wikipedia|WikiProject Check Wikipedia]] check #57; fmt,6707
Adolf Hitler's health,1233875,/* Mental health */ links,18437
Talk:South Asia,1225207,/* Why can't we have two separate article? */ comment,29936
List of Pokémon by National Pokédex number,1224398,"I don't think this is confirmed, either (although it's pretty likely).",61059
User talk:TenOfAllTrades,1216875,Doppelganger,20435
2000s energy crisis,1197343,Robot-assisted disambiguation: Chevron - Changed link(s) to [[Chevron Corporation]],80948
User:Ish ishwar,1197279,/* sound inventories */,14622
ExoMars,1193669,/* Mission news */,18402
Victor Buller Turner,1192418,background,2754
Division of Herbert,1191801,first contested,1412
Luke P. Blackburn,1177013,"/* Early life */fix brackets, typos, dates, links, references and formatting using [[Project:AutoWikiBrowser|AWB]]",15032
Samuel Adler (rabbi),1174000,Adapted from the Jewish Encyclopedia; more needed on Adler's leadership of Temple Emanu-El,4960
Nirex,1161501,null,2174
Volvo S70,1147705,rv extraneous header,2768
Carbene,1118861,"Also a functional group, not just a reactive intermediate",10270
Talk:Ancient Egypt,1105168,/* Review Maybe Needed? */,16557
Trifecta,1086557,/* Politics */,2461
Gem Archer,1084283,null,7939
Elvis Crespo,1082525,/* Musical career */,3677
Olga Neuwirth,1054838,#NAME?,244
Sharpe (TV series),1046746,Changed title to italics,7851
Wikipedia:Requests for adminship/Neutrality 3,1040944,PS supports,17810
Catherine Carswell,1039927,No 'd',5561
Template:PD-USGov-FBI,1032906,Eliminate redirects in PD-USGov templates  using [[Project:AutoWikiBrowser|AWB]],720
Talk:Falafel,1002934,"Dating comment by [[User:Ani medjool|Ani medjool]] - ""/* Images */ i reply""",76707
User talk:Jojit fb,1000542,null,3264
Greta Van Susteren,999980,null,4929
Dodge Durango,997419,/* Engines */,7473
University of Tennessee at Chattanooga,995545,null,2665
Joy Smith,986621,RedWolf - Winnipeg linkage,2577
Idaho National Laboratory,981118,Revert to the revision prior to revision 71098134 dated 2006-08-22 03:30:01 by Carlist using [[:en:Wikipedia:Tools/Navigation_popups|popups]],4226
Matthew G. Martinez,975998,RedWolf - U.S. State -> U.S. state,1111
Lydiate,972760,null,1565
Dino Rossi,968007,null,14650
Ajda Pekkan,964053,null,9163
Kingdom of Loathing,937744,/* Official links */ Updated url - previous version didn't work at time of edit,21037
Leeds Bradford International Airport,929933,/* The Future Of Leeds Bradford International Airport */,13033
Caproni Ca.5,927012,"add specification template, related, reorder",5283
James Carr (musician),924759,null,3987
Block structure,922414,null,26
Nissan Skyline,912205,/* Television and films */,60273
Sun Jihai,911681,/* Professional Career */,3991
Eduardo V. Manalo,911629,null,3361
Visual field,907075,robot  Adding: [[it:Campo visivo]],2439
Redline,902718,/* Examples of production rotary engines */,7741
Iain Lee,901125,null,4834
Trina,871666,"/* Singles */ Billboard Chart Update October 22, 2005",3881
Stonyhurst College,867306,/* History */,13122
Oranmore,867026,Órán Mór + c/edits,1203
List of heads of government of British Cameroons,860444,null,1265
Interstate 575,841263,null,7112
AC Omonia,828162,/* Players of note */,9436
Tom Smith (filker),828009,/* Career */ Fixed citation.,8698
Nintendo Power,823840,/* Issues #222 and Beyond */ quick fix,27529
Kartal,823328,"[[WP:RETF|mboverload's RegExTypoFix]], Replaced: contructions » constructions,  using [[WP:AWB|AWB]]",3887
Kirby Air Ride,815085,infobox formatting,2373
Category:Royal Air Force,802050,robot  Adding: [[ar:تصنيف:سلاح الجو الملكي]],707
Independent contractor,789973,Date maintenance tags and general  fixes,6311
U.S. Route 111,775811,PDFlink & general fixes  using [[Project:AWB|AWB]],8655
Category:Business,771152,null,1026
NHL series,747252,/* NHL 08 */ readded a review,39441
Clam chowder,726379,/* New England Clam Chowder */,8437
Francesc Cambo,725921,redirect from version with no accent,29
"Glenhuntly railway station, Melbourne",707872,null,676
Ashlee Simpson,700310,Reverted 1 edit by [[Special:Contributions/70.226.120.196|70.226.120.196]]. ([[WP:TW|TW]]),55806
Edward Follansbee Noyes,700145,robot  Adding: [[ja:エドワード・フォランスビー・ノイズ]],3823
Patamon,699017,/* ShadowSeraphimon */,15593
Banco Popular Español,697224,robot  Adding: [[eu:Banco Popular Español]],2466
The Loop,691796,null,524
Experimental physics,685311,robot  Adding: [[es:Física experimental]],1735
List of foreign ministers in 2003,672157,/* Africa */,16730
Talk:Manmohan Singh,671184,/* Exploring meaning of Singh */,9080
Juno (mythology),668594,robot  Adding: [[sv:Juno (gudinna)]],11011
Talk:Neurology,667499,"removed photoreq, added image of mri",1330
Rachael Ray,667016,null,18914
List of African-American writers,666184,/* W */ added 1,3407
Rafer Johnson,657162,null,4762
Talk:Prime Minister of India,654043,null,2462
Conifer cone,653598,null,10224
Supermajority,638313,rm whitespace,9723
Local government in Leeds,635504,/* Geography */ intro rewritten,13794
Argyle Line,625065,Tidied up southern end of rail map,10231
Willis Carrier,609222,intewiki,3607
Insulin receptor,604224,OMIM for later reference,402
Separation of church and state in the United States,596325,"[[WP:UNDO|Undid]] revision 172714553 by [[Special:Contributions/Vary|Vary]] ([[User talk:Vary|talk]])rv, give your sources why this is not reliable",44666
Ankleshwar,588265,/* Education */,7501
Scott Steiner,584945,/* Total Nonstop Action Wrestling (2006-) */,45163
Bear River,581312,/* Other */,4036
Muskrat,571662,rvt good faith edits - original more clear,12569
Wireless energy transfer,570662,=== Directed Energy Weapons ===,28752
The Incredibles,565879,/* Appeal of Elastigirl */,42501
Wikipedia:Help desk,564696,/* Foreign Language Citations */,39735
Quindío Department,549714,robot  Adding: [[nl:Quindío]],1449
Talk:Hypnosis,549582,/* popular culture */,23724
Lysozyme,541957,rv test edits by [[user:220.225.140.74]],4766
Tiny Encryption Algorithm,528720,ext lnk,3341
Theatre of ancient Greece,528520,/* Golden age: new inventions */,17331
U.S. Bancorp,523002,"Added Portland, OR building",3180
Solid fuel,522723,Small repair of the graphics,1438
Faiz Ahmed Faiz,517675,location edited,1368
List of Bemani series,501565,/* ''[[Dance Dance Revolution]]'' */ Rewrite.,8145
Basel problem,490303,"""Put period at the end of formula if formula is at the end of sentence. This is semi-automatic update. Software suggests changes, and user decides.""",15336
Trace Adkins,487964,null,13182
Ali Hamza Ahmed Sulayman al Bahlul,486962,null,879
Talk:Doom 3,486292,Reception and impact,14094
Oakland University,486279,/* Academics */,6916
Naked mole rat,484061,null,4732
Internal Macedonian Revolutionary Organization,483476,Removing [[:File:D-r Hristo Tatarchev.jpg|image]] with no source information.  Such images that are older than seven days may be deleted at any time.,75048
Frosted Flakes,483036,Reverted 2 edits by [[Special:Contributions/75.185.166.102|75.185.166.102]] identified as [[WP:VAND|vandalism]] to last revision by [[User:Jayron32|Jayron32]]. ([[WP:TW|TW]]),4832
Spirometer,482529,/* History */,1936
Wikipedia:Dead-end pages,481940,/* A */ removed Anders Björler,18079
Wild On!,476196,"clarify lead to only mention three ""main hosts"" per tv.com info; prev lead said ""there've been seven hosts,"" then listed only five",2672
Wikipedia:Votes for deletion archive May 2004,473697,null,33373
Doctor Who (1996 film),471755,/* Controversy */,43496
Slam Dunk (manga),471518,/* Shohoku High School Starting Five Players */,33642
Short Sunderland,457319,/* Survivors */ +sunderland in Tower Bridge,55414
Spanning tree,455770,"Fleshed out definition, mentioned deletion-contraction and gave some more examples",3280
Talk:Global warming,454409,/* 2009 global temps */ rv trolling,91374
Josh Groban,453244,/* Early career */,15252
"MPs elected in the United Kingdom general election, 1950",444396,corr. link,66245
Talk:Ali,444140,comment,29970
Fur farming,443297,Reverted edits by [[Special:Contributions/72.128.5.160|72.128.5.160]] ([[User talk:72.128.5.160|talk]]) to last version by Marudubshinki,6540
Mike Cameron,431886,/* Major leagues */,10097
Bose Corporation,428989,rv to previous version,11187
Michael Vick,428979,/* Childhood */,92749
Alla Rakha,421043,Nevermind,2277
Research Triangle,411765,null,35025
"Sir Robert Rich, 4th Baronet",408423,infobox,4889
Mashhad,406512,robot  Adding: fa,7962
Drizzt Do'Urden,401088,/* Works included */ redundant linkage,32364
Mildred Taylor,400996,null,324
Mastitis,400993,Staph aureus in baby's nose,6400
Final Fantasy X-2,398631,/* Navigation and quests */ disambiguation...again.,51467
Scanners,378213,format,817
Election reform (United States),373243,"moved [[Election reform]] to [[Election reform (United States)]]: The content is nearly all US-oriented, so the page title should reflect that. A more general page would be welcome, but this ain't it.",3470
New Jersey Route 184,365539,typo,5623
Question answering,360030,/* Miscellaneous */ Removed non-English external link without good description,16094
Joan Jett,359520,null,32120
Wikipedia:Requests for page protection,352651,/* {{la|Caster Semenya}} */ fp 1w,52858
The Undertaker,345792,null,46739
Within Temptation,329846,/* External links */,35443
Stepa Stepanović,326135,null,2282
List of colleges and universities in the Philippines,322801,/* R */,32232
Talk:Peru,313976,About pictures,57334
Judy Chicago,309846,Robot - Moving category Women in art to Women artists per [[WP:CFD|CFD]] at [[Wikipedia:Categories for discussion/Log/2007 November 11]].,5570
Lubrication,309221,null,5147
Tragic hero,306424,[[WP:UNDO|Undid]] revision 252604070 by [[Special:Contributions/Youakldalkjldakj|Youakldalkjldakj]] ([[User talk:Youakldalkjldakj|talk]]),4725
Zee TV,301513,/* Dramas */,2980
Alia Atreides,300274,null,4925
Bangor City F.C.,299271,added link to Michael Johnston,22006
Talk:La Brea Tar Pits,298537,null,5243
Northeast Blackout of 1965,296941,rvv,5630
White paper,291336,/* External links */,4525
Declarative programming language,285461,"Removed category ""Computer languages""; Quick-adding category ""Programming language classification"" (using [[WP:HOTCAT|HotCat]])",3300
Mira Sorvino,277368,null,12636
Antônio Rodrigo Nogueira,274910,null,21864
Namor,273467,null,37300
Samsung Electronics,268287,/* Trivia */,19217
Ocelot,268115,/* Taxonomy and name */,6608
Sakhnin,267449,specific pushpin map,5185
Louis de Buade de Frontenac,262229,/* Second Term in New France */,12351
Talk:Lviv,261634,/* NPOV dispute */,113744
Asuka period,256420,"rv:I am writing the reason why a Korean immigrant lost power in Talkpage. Please do not use ""Nationalistic revisionism"" without doing a concrete rebuttal. I can thoroughly controvert it.",32771
Götaland theory,251821,"Weird N*zi pseudohistory needs more refs than average, not fewer, Tag accordingly",4265
Sylvester Graham,250310,/* References */,8777
Virginia Polytechnic Institute and State University,239897,/* Rankings */,45731
Colgate-Palmolive,235526,"rv text that doesn't seem to belong, someone double check",3502
Mount Elbrus,230484,null,10104
Christopher Hitchens,228998,Disambiguate [[Nightline]] to [[Nightline (US news program)]] using [[:en:Wikipedia:Tools/Navigation_popups|popups]],64241
Timeline of United States history (1930–1949),225214,null,3916
CM,223242,robot  Adding: [[bg:Cm]],1621
Nuevo León,222247,null,7917
Ishaq Shahryar,215936,Guanaco - Robot bypassing redirects: Los Angeles,599
Rick Santorum,214873,fixed several grammatical errors not corrected for whatever reason...,44894
Montbéliard,213548,/* Births */,4220
John Mayer,212187,rv unexplained changes,54842
Inspectah Deck,211087,Disambiguate [[Ironman]] to [[Ironman (album)]] using [[:en:Wikipedia:Tools/Navigation_popups|popups]],8043
Wayne Rooney,199445,Date the maintenance tags or general  fixes,41660
Talk:Erection/Archive 1,198797,null,20266
Bird-watching,198340,null,924
Uday Hussein,197978,/* Death */,15736
Peter Ackroyd,197731,Delink dates and general fixes,12096
Islam and Judaism,195973,/* See also */  layout,19496
Raising Hell (album),195584,robot Adding: [[pt:Raising Hell]],7907
Andriyan Nikolayev,193428,null,2533
50 Cent,192481,/* Shady/Aftermath */,23655
Treaty of Paris (1898),191930,/* See also */,4184
Battle of Leyte Gulf,189095,/* The Battle off Samar (25 October) - The Main Action */ Insert 'At this stage it seemed to him that he had been presented with a golden opportunity.',71874
Division by zero,185663,"Division by negative zero. I do not have the IEEE-754, so I cannot verify, but this is how all CPUs that I have worked with behave.",14900
Cantons of Switzerland,180752,/* External links */,31601
User talk:Docu,179741,null,4268
Crater Lake National Park,176555,removed duplicate picture of Wizard Island,13316
Talk:Republic of Macedonia/Archive 7,174458,/* Constitutional name / official name */ cool down :),20740
User talk:Sebastian,173168,/* Termination of mediation */ Have you asked the mediator?,55477
"Robert Downey, Jr.",171045,/* Substance abuse */ it was archive footage,26871
Judgment notwithstanding verdict,170446,#NAME?,1234
20th Century Fox,170318,/* 2000s */,23749
Computer role-playing game,169652,/* Chronology of console RPGs */,37694
Legality of cannabis,168917,null,15
Weathered,168469,/* Track listing */ remove circular redirect...,4076
Poison (band),166643,null,3666
Paul-Henri Spaak,162364,null,10773
Gaston Leroux,162182,rvv (no reason to delete content),6044
Fort Wint,162034,null,280
Talk:Durham,161058,"assessment for WP:CITIES (class=B, importance=low).",14338
Criticism of Jehovah's Witnesses,158849,/* Resources on doctrinal controversy */ OK time to talk before changing what others have been working on for a long time,26594
Nottingham Forest F.C.,157294,/* The City Ground */,40892
Portland International Airport,152498,/* Concourse D (International) */,21749
St Ives,151281,null,1337
Alitalia-Linee Aeree Italiane,150288,null,13254
Robert Michael Ballantyne,148277,{{gutenberg author}},2249
Nas,146167,Reverted edits by [[Special:Contributions/68.34.105.248|68.34.105.248]] ([[User talk:68.34.105.248|talk]]) using [[User:MichaelBillington/MWT|MWT]],31759
Jacobus de Voragine,142916,link,8856
African American Vernacular English,140270,/* History and social context */,17383
"El Paso, Texas",135823,/* Radio stations */,74870
"Prince Andrew, Duke of York",125267,null,10993
"Hart's Location, New Hampshire",124514,"i did give an explanation, which is that this collection of (irrelevant) data doesn't belong into WP [[Wikipedia:What Wikipedia is not#Wikipedia_is_not_an_indiscriminate_collection_of_information]]",8933
"Rulo, Nebraska",124154,Census data - past tense - and/or general fixes  using [[Wikipedia:AutoWikiBrowser|AWB]],2580
"Mangham, Louisiana",115712,/* Notable residents */,8614
"Benton, Louisiana",115503,"robot  Adding: [[lmo:Benton, Louisiana]]",2851
"Martinsburg, Iowa",113959,#NAME?,2637
"He'eia, Hawaii",110507,tidal wave -> tsunami,3969
"Cerritos, California",107610,spelling,62166
Mount Kinabalu,106742,null,13258
North Korea and weapons of mass destruction,106424,/* Nuclear weapons */,45336
Cancer,105219,null,59886
"Talk:Nottoway County, Virginia",104272,WPV; start; high,195
Harry Seidler,100850,Reverted edits by [[Special:Contributions/203.29.67.238|203.29.67.238]] to last version by Cydebot ([[WP:HG|HG]]),20221
Super Mario 64,100062,null,35855
"Kings Cross, London",94557,fixed boadicea link,1666
Interstate 74,93589,refine cat and/or AWB general fixes  using [[Project:AutoWikiBrowser|AWB]],14632
Life-death-rebirth deity,91136,/* See also */,6910
Holmfirth,90665,typo,6832
Boeing 777,89260,"/* 777-200LR */ Air India, Turkmenistan orders were later so placed later, they weren't early -200LR orders, citation added",55880
Talk:Electoral College (United States),85545,"/* ""Death or unsuitability of candidates"" */",66295
Louis-Ferdinand Céline,84577,null,7258
Ansel Adams,84317,/* Childhood */,36290
William Westmoreland,80208,copyedit,22800
Diff,79673,/* External links */,11532
Cat Stevens,78747,/* September 11 attacks */  fix,47139
Hyssop,78328,null,7271
Talk:Whose Line Is It Anyway?,75186,null,17504
Contact lens,74845,/* Types of contact lenses */ clarifying headers,29669
Jenna Jameson,74573,Reverted 3 edits by [[Special:Contributions/A.truong92|A.truong92]] identified as [[WP:VAND|vandalism]] to last revision by [[User:OllieFury|OllieFury]]. ([[WP:TW|TW]]),69335
Cursor,74024,redundant,1277
Sandro Botticelli,73515,BOT - Reverted edits by [[Special:Contributions/65.18.81.231|65.18.81.231]] {[[User:VoABot_II/Help#Revert_reasons|possible vandalism]]} to last version by [[Special:Contributions/Sjö|Sjö]].,28864
"Hillsborough County, Florida",72378,/* Government */ sp,10949
477 BC,70942,robot  Adding: [[new:इ॰ पू॰ ४७७]],1768
Donatello,69852,null,4788
Xfce,69103,null,1201
Testicle,67193,/* Other names */ de wikify,7049
Sarbanes–Oxley Act,67031,[[WP:UNDO|Undid]] revision 193343085 by [[Special:Contributions/Jpengel2|Jpengel2]] ([[User talk:Jpengel2|talk]]) Rv linkspam,34707
New York Islanders,66880,/* 1980-84: The Dynasty Years */,61630
Wi-Fi,63973,/* Wi-Fi vs. cellular */,33733
Dmitri Mendeleev,60633,null,16652
Roy Lichtenstein,60143,Revert to revision 99662460 dated 2007-01-10 00:40:12 by 72.128.65.99 using [[:en:Wikipedia:Tools/Navigation_popups|popups]],12695
Suez Crisis,58568,null,37348
Donnie Darko,57820,/* Plot */,29660
Managua,57042,null,54687
Crop circle,56206,/* History of crop circles */,24922
Symmetry,53741,"For example, the [[magnetic field]] due to a current-carrying wire has [[Symmetry#Rotational_symmetry|cylindrical symmetry]] in the sense that a rotation of position gives a corresponding rotation of",36052
Boltzmann constant,53702,#NAME?,2482
Harry Houdini,53395,"/* Birth */ date from NYT obit, October 7, 1962 (death by suicide)",27730
VHS,52124,BOT - Reverted edits by [[Special:Contributions/78.129.175.187|78.129.175.187]] {[[User:VoABot_II/Help#Revert_reasons|possible vandalism]]} to last version by [[Special:Contributions/RastaKins|RastaKins]].,32393
David Jason,51801,[[WP:UNDO|Undid]] revision 191443823 by [[Special:Contributions/80.41.219.184|80.41.219.184]] ([[User talk:80.41.219.184|talk]]),12596
History of South America,51372,/* Independence */ Disambiguating Wikilinks.  Copy eding.,19567
Flood,50482,r,12928
Clergy,50405,null,16724
Atlantic slave trade,49005,null,67858
Daylight saving time,47548,Adding finance section,71525
Buffy the Vampire Slayer (TV series),47542,*,4371
Talk:Hamlet,46186,/* Date */ Chronological,53820
Talk:Woman,45161,No malicious intent need apply,20897
Battle of Hastings,44667,null,20776
Atomic mass unit,42445,arabic link,4994
Address,40696,+de:,893
Mnemonic,40411,/* Biological groupings in [[taxonomy]] */,38683
Wikipedia:Reference desk/Miscellaneous,40297,Reply,125472
Activision,38299,"rv - no rationale for inclusion given.  Please see [[:Talk:Activision|talk]] page before adding more titles to ""notable""",10403
CVS,37657,null,2003
Eastern Europe,37403,rv. propaganda and restoring deleted image,27465
Supercomputer,37153,clean up applications - supercomputers aren't used for animation anymore AFAIK,6646
Rice,36979,/* Disney world */,65304
William Wallace,33832,null,17916
Ward Cunningham,33161,Reverted edits by [[Special:Contributions/68.192.154.108|68.192.154.108]] to last version by Gail (using [[WP:HG|Huggle]]),6265
Wikipedia talk:Announcements,32951,null,30918
West Virginia,32905,null,61655
Wiki,32851,null,23625
Verlan,32351,/* More examples of ''verlan'' */,9622
University of Michigan,31740,/* Academic profile */ Reword,39533
Theodore Roosevelt,30535,Reverted to revision 111655530 by [[User:Shanes|Shanes]]. [[WP:TWINKLE|TWINKLE]],95344
Talk radio,30077,null,14978
Shabbat,28809,rv redlinks,25681
Song of Songs,28582,metaphysics in relation to,16889
Servius Tullius,27951,#NAME?,0
Steel,27058,Spelling,35554
Star Wars,26678,rv,62115
Renaissance,25532,/* The Renaissance as a historical age */,29165
Polysaccharide,23978,Reverted edits by [[Special:Contributions/66.82.9.41|66.82.9.41]] to last version by Drini,3717
Philip K. Dick,23005,/* Dick's influence */,32926
Omri,22798,*,21
Osama bin Laden,22468,direct link to Luxor massacre,31799
Nürburgring,22122,/* External links */,13781
Nuclear weapon,21785,Reverted edits by [[Special:Contributions/24.215.2.203|24.215.2.203]] ([[User talk:24.215.2.203|talk]]) to last version by Discospinster,26637
Monoamine oxidase,20953,/* Subtype Specificities */,9617
Mystery Science Theater 3000,20840,[[WP:UNDO|Undid]] vandalism perpetrated by someone who can't grasp the genius of MST3K [[Special:Contributions/66.207.94.96|66.207.94.96]] ([[User talk:66.207.94.96|talk]]),76601
Mystery Science Theater 3000,20840,/* Episodes */,74131
Mainframe computer,20266,null,22312
Marco Polo,19334,marko polo was born on the island of Korčula + References,26622
Moon,19331,Reverted edits by [[Special:Contributions/217.155.44.171|217.155.44.171]] ([[User talk:217.155.44.171|talk]]) to last version by SteveSims,45331
Mandolin,18888,null,28994
Liverpool F.C.,18119,/* Current squad */,57935
Key,17432,null,3195
Knights Templar,16869,Reverted edits by [[Special:Contributions/Bigdan166|Bigdan166]] ([[User talk:Bigdan166|talk]]) to last version by Miremare,44439
Knights Templar,16869,null,45808
Karl Marx,16743,/* Family life */,58116
John Steinbeck,15825,rm tag,29418
Iron,14734,/* Applications */,27161
Italic languages,14729,null,6507
Glass,12581,[[WP:UNDO|Undid]] revision 292573878 by [[Special:Contributions/70.160.55.115|70.160.55.115]] ([[User talk:70.160.55.115|talk]]) please read again,57155
Guam,11974,null,38684
Francis Bacon,11319,back to Wikibofh,0
Form 1040,11029,*,175
Outline of education,9986,Find/Replace Task using [[Project:AutoWikiBrowser|AWB]],6460
Talk:Echelon (signals intelligence),9283,"""balance of probabilities"" draws a conclusion",14932
Dorothy Parker,8781,"/* Early life */ Remove date overlinking, other minor edits.",12400
Major depressive disorder,8389,,73058
Deed poll,8086,/* Footnotes */,2712
Counter,7647,warnfile  Adding: es,8621
Chimera,7333,/* In fiction */,4627
Electric current,6207,/* Definition */,13956
Charles Dickens,5884,"/* External links */ remove ""about Dickens""; format",89596
"Cambridge, Massachusetts",5685,null,18210
B-17 Flying Fortress,4997,start converting cite web templates to allow different date format,97351
Boxing,4243,/* Origins */,42730
Benjamin Franklin,3986,Reverted edits by [[Special:Contributions/Csavoia|Csavoia]] to last version by Washburnmav ([[WP:HG|HG]]),90787
Baptist,3979,null,27739
Blade Runner,3746,Rv; overlinking.,77014
Abergavenny,2715,null,9560
Apache (disambiguation),2574,null,3432
Archimedes,1844,/* Discoveries and inventions */,22659
Aleister Crowley,1177,/* External links */,61495
Azerbaijani Armed Forces,1088,/* Azeri Army */,6014
